{
 "rateMatrix":[
  [-1.038219993605774, 0.1115954412829334, 0.7999151837331537, 0.1267093685896871],
  [0.1413250345566577, -1.000023627163376, 0.1412797380712228, 0.7174188545354949],
  [0.8001716490052709, 0.1115954412829334, -1.038476458877891, 0.1267093685896871],
  [0.1413250345566577, 0.6318449420724312, 0.1412797380712228, -0.9144497147003118]
  ],
 "input":{
   "file name":"/home/lea/Documents/DGINN/examples/ex_aln_results_201912150212/ex_aln_filtered.fasta",
   "number of sequences":50,
   "number of sites":1380,
   "partition count":2
  },
 "timeElapsed":114,
 "rvChoice":0,
 "rvRates":0,
 "potentialBreakpoints":846
}